ip,status
10.51.119.10,RUN
10.51.119.10,FINISH
10.51.119.10,RUN
10.51.119.10,FINISH
10.51.119.101,RUN
10.51.119.101,FINISH
10.51.119.101,RUN
10.51.119.101,FINISH
10.51.119.102,RUN
10.51.119.102,FINISH
10.51.119.102,RUN
10.51.119.102,FINISH
10.51.119.103,RUN
10.51.119.103,FINISH
10.51.119.103,RUN
10.51.119.103,FINISH
10.51.119.105,RUN
10.51.119.105,FINISH
10.51.119.105,RUN
10.51.119.105,FINISH
10.51.119.106,RUN
10.51.119.106,FINISH
10.51.119.106,RUN
10.51.119.106,FINISH
10.51.119.107,RUN
10.51.119.107,FINISH
10.51.119.107,RUN
10.51.119.107,FINISH
10.51.119.108,RUN
10.51.119.108,FINISH
10.51.119.108,RUN
10.51.119.108,FINISH
10.51.119.11,RUN
10.51.119.11,FINISH
10.51.119.11,RUN
10.51.119.11,FINISH
10.51.119.110,RUN
10.51.119.110,FINISH
10.51.119.110,RUN
10.51.119.110,FINISH
10.51.119.111,RUN
10.51.119.111,FINISH
10.51.119.111,RUN
10.51.119.111,FINISH
10.51.119.113,RUN
10.51.119.113,FINISH
10.51.119.113,RUN
10.51.119.113,FINISH
10.51.119.115,RUN
10.51.119.115,FINISH
10.51.119.115,RUN
10.51.119.115,FINISH
10.51.119.117,RUN
10.51.119.117,FINISH
10.51.119.117,RUN
10.51.119.117,FINISH
10.51.119.118,RUN
10.51.119.118,FINISH
10.51.119.118,RUN
10.51.119.118,FINISH
10.51.119.119,RUN
10.51.119.119,FINISH
10.51.119.119,RUN
10.51.119.119,FINISH
10.51.119.120,RUN
10.51.119.120,FINISH
10.51.119.120,RUN
10.51.119.120,FINISH
10.51.119.121,RUN
10.51.119.121,FINISH
10.51.119.121,RUN
10.51.119.121,FINISH
10.51.119.122,RUN
10.51.119.122,FINISH
10.51.119.122,RUN
10.51.119.122,FINISH
10.51.119.123,RUN
10.51.119.123,FINISH
10.51.119.123,RUN
10.51.119.123,FINISH
10.51.119.124,RUN
10.51.119.124,FINISH
10.51.119.124,RUN
10.51.119.124,FINISH
10.51.119.125,RUN
10.51.119.125,FINISH
10.51.119.125,RUN
10.51.119.125,FINISH
10.51.119.127,RUN
10.51.119.127,FINISH
10.51.119.127,RUN
10.51.119.127,FINISH
10.51.119.129,RUN
10.51.119.129,FINISH
10.51.119.129,RUN
10.51.119.129,FINISH
10.51.119.13,RUN
10.51.119.13,FINISH
10.51.119.13,RUN
10.51.119.13,FINISH
10.51.119.130,RUN
10.51.119.130,FINISH
10.51.119.130,RUN
10.51.119.130,FINISH
10.51.119.131,RUN
10.51.119.131,FINISH
10.51.119.131,RUN
10.51.119.131,FINISH
10.51.119.132,RUN
10.51.119.132,FINISH
10.51.119.132,RUN
10.51.119.132,FINISH
10.51.119.133,RUN
10.51.119.133,FINISH
10.51.119.133,RUN
10.51.119.133,FINISH
10.51.119.134,RUN
10.51.119.134,FINISH
10.51.119.134,RUN
10.51.119.134,FINISH
10.51.119.136,RUN
10.51.119.136,FINISH
10.51.119.136,RUN
10.51.119.136,FINISH
10.51.119.137,RUN
10.51.119.137,FINISH
10.51.119.137,RUN
10.51.119.137,FINISH
10.51.119.14,RUN
10.51.119.14,FINISH
10.51.119.14,RUN
10.51.119.14,FINISH
10.51.119.141,RUN
10.51.119.141,FINISH
10.51.119.141,RUN
10.51.119.141,FINISH
10.51.119.142,RUN
10.51.119.142,FINISH
10.51.119.142,RUN
10.51.119.142,FINISH
10.51.119.146,RUN
10.51.119.146,FINISH
10.51.119.146,RUN
10.51.119.146,FINISH
10.51.119.148,RUN
10.51.119.148,FINISH
10.51.119.148,RUN
10.51.119.148,FINISH
10.51.119.16,RUN
10.51.119.16,FINISH
10.51.119.16,RUN
10.51.119.16,FINISH
10.51.119.17,RUN
10.51.119.17,FINISH
10.51.119.17,RUN
10.51.119.17,FINISH
10.51.119.18,RUN
10.51.119.18,FINISH
10.51.119.18,RUN
10.51.119.18,FINISH
10.51.119.2,RUN
10.51.119.2,FINISH
10.51.119.2,RUN
10.51.119.2,FINISH
10.51.119.20,RUN
10.51.119.20,FINISH
10.51.119.20,RUN
10.51.119.20,FINISH
10.51.119.23,RUN
10.51.119.23,FINISH
10.51.119.23,RUN
10.51.119.23,FINISH
10.51.119.252,RUN
10.51.119.252,FINISH
10.51.119.252,RUN
10.51.119.252,FINISH
10.51.119.26,RUN
10.51.119.26,FINISH
10.51.119.26,RUN
10.51.119.26,FINISH
10.51.119.3,RUN
10.51.119.3,FINISH
10.51.119.3,RUN
10.51.119.3,FINISH
10.51.119.31,RUN
10.51.119.31,FINISH
10.51.119.31,RUN
10.51.119.31,FINISH
10.51.119.33,RUN
10.51.119.33,FINISH
10.51.119.33,RUN
10.51.119.33,FINISH
10.51.119.35,RUN
10.51.119.35,FINISH
10.51.119.35,RUN
10.51.119.35,FINISH
10.51.119.36,RUN
10.51.119.36,FINISH
10.51.119.36,RUN
10.51.119.36,FINISH
10.51.119.38,RUN
10.51.119.38,FINISH
10.51.119.38,RUN
10.51.119.38,FINISH
10.51.119.39,RUN
10.51.119.39,FINISH
10.51.119.39,RUN
10.51.119.39,FINISH
10.51.119.4,RUN
10.51.119.4,FINISH
10.51.119.4,RUN
10.51.119.4,FINISH
10.51.119.40,RUN
10.51.119.40,FINISH
10.51.119.40,RUN
10.51.119.40,FINISH
10.51.119.41,RUN
10.51.119.41,FINISH
10.51.119.41,RUN
10.51.119.41,FINISH
10.51.119.46,RUN
10.51.119.46,FINISH
10.51.119.46,RUN
10.51.119.46,FINISH
10.51.119.5,RUN
10.51.119.5,FINISH
10.51.119.5,RUN
10.51.119.5,FINISH
10.51.119.50,RUN
10.51.119.50,FINISH
10.51.119.50,RUN
10.51.119.50,FINISH
10.51.119.51,RUN
10.51.119.51,FINISH
10.51.119.51,RUN
10.51.119.51,FINISH
10.51.119.52,RUN
10.51.119.52,FINISH
10.51.119.52,RUN
10.51.119.53,RUN
10.51.119.53,FINISH
10.51.119.53,RUN
10.51.119.53,FINISH
10.51.119.56,RUN
10.51.119.56,FINISH
10.51.119.56,RUN
10.51.119.56,FINISH
10.51.119.57,RUN
10.51.119.57,FINISH
10.51.119.57,RUN
10.51.119.57,FINISH
10.51.119.6,RUN
10.51.119.6,FINISH
10.51.119.6,RUN
10.51.119.6,FINISH
10.51.119.60,RUN
10.51.119.60,FINISH
10.51.119.60,RUN
10.51.119.60,FINISH
10.51.119.62,RUN
10.51.119.62,FINISH
10.51.119.62,RUN
10.51.119.62,FINISH
10.51.119.66,RUN
10.51.119.66,FINISH
10.51.119.66,RUN
10.51.119.66,FINISH
10.51.119.68,RUN
10.51.119.68,FINISH
10.51.119.68,RUN
10.51.119.68,FINISH
10.51.119.7,RUN
10.51.119.7,FINISH
10.51.119.7,RUN
10.51.119.7,FINISH
10.51.119.70,RUN
10.51.119.70,FINISH
10.51.119.70,RUN
10.51.119.70,FINISH
10.51.119.73,RUN
10.51.119.73,FINISH
10.51.119.73,RUN
10.51.119.73,FINISH
10.51.119.76,RUN
10.51.119.76,FINISH
10.51.119.76,RUN
10.51.119.76,FINISH
10.51.119.77,RUN
10.51.119.77,FINISH
10.51.119.77,RUN
10.51.119.77,FINISH
10.51.119.78,RUN
10.51.119.78,FINISH
10.51.119.78,RUN
10.51.119.78,FINISH
10.51.119.79,RUN
10.51.119.79,FINISH
10.51.119.79,RUN
10.51.119.79,FINISH
10.51.119.8,RUN
10.51.119.8,FINISH
10.51.119.8,RUN
10.51.119.8,FINISH
10.51.119.80,RUN
10.51.119.80,FINISH
10.51.119.80,RUN
10.51.119.80,FINISH
10.51.119.81,RUN
10.51.119.81,FINISH
10.51.119.81,RUN
10.51.119.81,FINISH
10.51.119.82,RUN
10.51.119.82,FINISH
10.51.119.82,RUN
10.51.119.82,FINISH
10.51.119.84,RUN
10.51.119.84,FINISH
10.51.119.84,RUN
10.51.119.84,FINISH
10.51.119.85,RUN
10.51.119.85,FINISH
10.51.119.85,RUN
10.51.119.85,FINISH
10.51.119.86,RUN
10.51.119.86,FINISH
10.51.119.86,RUN
10.51.119.86,FINISH
10.51.119.89,RUN
10.51.119.89,FINISH
10.51.119.89,RUN
10.51.119.89,FINISH
10.51.119.9,RUN
10.51.119.9,FINISH
10.51.119.9,RUN
10.51.119.9,FINISH
10.51.119.90,RUN
10.51.119.90,FINISH
10.51.119.90,RUN
10.51.119.90,FINISH
10.51.119.91,RUN
10.51.119.91,FINISH
10.51.119.91,RUN
10.51.119.91,FINISH
10.51.119.92,RUN
10.51.119.92,FINISH
10.51.119.92,RUN
10.51.119.92,FINISH
10.51.119.93,RUN
10.51.119.93,FINISH
10.51.119.93,RUN
10.51.119.93,FINISH
10.51.119.94,RUN
10.51.119.94,FINISH
10.51.119.94,RUN
10.51.119.94,FINISH
10.51.119.96,RUN
10.51.119.96,FINISH
10.51.119.96,RUN
10.51.119.96,FINISH
10.51.119.97,RUN
10.51.119.97,FINISH
10.51.119.97,RUN
10.51.119.97,FINISH
10.51.119.98,RUN
10.51.119.98,FINISH
10.51.119.98,RUN
10.51.119.98,FINISH
10.51.119.99,RUN
10.51.119.99,FINISH
10.51.119.99,RUN
10.51.119.99,FINISH